Event,Topic,Year,Articles,Share of the year (%),Usual share (%),Words in that year
Floods,8,1962,14,31.1,4.4,"flood, water, rain, river, heavy"
Floods,8,1978,11,24.4,4.4,"flood, water, river, heavy, rain"
Floods,8,1993,15,33.3,4.4,"water, flood, rain, river, heavy"
Floods,8,2002,15,33.3,4.4,"water, flood, heavy, rain, river"
Fuel shortages,7,1973,15,33.3,8.9,"electricity, power, supply, fuel, station"
Fuel shortages,7,1974,17,37.8,8.9,"power, electricity, supply, fuel, station"
Fuel shortages,7,2008,14,31.1,8.9,"power, electricity, station, supply, fuel"
Influenza wave,3,1968,16,35.6,11.1,"patient, clinic, doctor, health, ray"
Influenza wave,3,1969,16,35.6,11.1,"patient, clinic, doctor, health, vaccination"
Influenza wave,3,1981,11,24.4,11.1,"patient, clinic, doctor, health, time"
Influenza wave,3,1999,10,22.2,11.1,"patient, clinic, doctor, health, quickly"
